
{
  "name": "烛形图",
  "data": [
    {
      "PE": 25.838140799663528,
      "PrevClose": 15.0600004196167,
      "Open": 16.56999969482422,
      "High": 16.56999969482422,
      "code": "603319.SH",
      "Low": 16.56999969482422,
      "Name": "湘油泵",
      "NewsRatingName": null,
      "NewsRatingDate": null,
      "Now": 16.56999969482422
    }
  ]
}
